时间,策略权益,策略单位净值,基准单位净值
2023-12-29,1000000.0,1.0,1.0
2024-01-02,1000000.0,1.0,0.9869553289447243
2024-01-03,1000000.0,1.0,0.9846076629606064
2024-01-04,1000000.0,1.0,0.9755012219223873
2024-01-05,1000000.0,1.0,0.9702724474083444
2024-01-08,1000000.0,1.0,0.9577240297665779
2024-01-09,1000000.0,1.0,0.9596018477869217
2024-01-10,1000000.0,1.0,0.9551221311797679
2024-01-11,1000000.0,1.0,0.9605264174137937
2024-01-12,1000000.0,1.0,0.9571732750384941
2024-01-15,1000000.0,1.0,0.9562268757407042
2024-01-16,1000000.0,1.0,0.9620432735191607
2024-01-17,1000000.0,1.0,0.9411187907446509
2024-01-18,1000000.0,1.0,0.9544225324872281
2024-01-19,1000000.0,1.0,0.9529791802938169
2024-01-22,1000000.0,1.0,0.9381517042051029
2024-01-23,1000000.0,1.0,0.9419496880586657
2024-01-24,1000000.0,1.0,0.9551162730170784
2024-01-25,1000000.0,1.0,0.9742966554350242
2024-01-26,1000000.0,1.0,0.9716451519084248
2024-01-29,1000000.0,1.0,0.9629421663234978
2024-01-30,1000000.0,1.0,0.9457693850027946
2024-01-31,1000000.0,1.0,0.9371171118710012
2024-02-01,1000000.0,1.0,0.9378046736421938
2024-02-02,1000000.0,1.0,0.9267052623409119
2024-02-05,1000000.0,1.0,0.9327657502314339
2024-02-06,1000000.0,1.0,0.9651956062380864
2024-02-07,1000000.0,1.0,0.9745039935911117
2024-02-08,991876.7355,0.991877,0.9807117224662493
2024-02-19,986591.7355,0.986592,0.9920427789270172
2024-02-20,973876.7355,0.973877,0.9940964584084002
2024-02-21,997706.7355,0.997707,1.0075081827020462
2024-02-22,998066.7355,0.998067,1.0161944098613689
2024-02-23,995921.7355,0.995922,1.0170882605654805
2024-02-26,986366.7355,0.986367,1.0064843740505076
2024-02-27,983626.7355,0.983627,1.0185588634161793
2024-02-28,979651.7355,0.979652,1.0055812552084094
2024-02-29,986376.7355,0.986377,1.0247653681976203
2024-03-01,981406.7355,0.981407,1.0310960310539747
2024-03-04,977026.7355,0.977027,1.0319892697112383
2024-03-05,986426.7355,0.986427,1.0391722806663815
2024-03-06,979151.7355,0.979152,1.0349560939449942
2024-03-07,980691.7355,0.980692,1.0287398547041586
2024-03-08,974591.7355,0.974592,1.0331671101528983
2024-03-11,974451.5742,0.974452,1.0460940059075345
2024-03-12,974451.5742,0.974452,1.04849276323093
2024-03-13,974451.5742,0.974452,1.0411677574070128
2024-03-14,972148.9664,0.972149,1.0382129992396922
2024-03-15,972578.9664,0.972579,1.0404776017229878
2024-03-18,967963.9664,0.967964,1.0502514069864097
2024-03-19,967843.9664,0.967844,1.0427034995294089
2024-03-20,968633.9664,0.968634,1.0449632639280952
2024-03-21,968333.9664,0.968334,1.0437118904293914
2024-03-22,964508.9664,0.964509,1.0331940402142177
2024-03-25,958338.9664,0.958339,1.0275868458774813
2024-03-26,968478.9664,0.968479,1.0328280944891914
2024-03-27,964333.9664,0.964334,1.0208902372961006
2024-03-28,964653.9664,0.964654,1.0261882896843382
2024-03-29,962698.1865,0.962698,1.0310029124977897
2024-04-01,962698.1865,0.962698,1.0479543660201616
2024-04-02,957573.6282,0.957574,1.043591142329775
2024-04-03,958133.6282,0.958134,1.0398393534407044
2024-04-08,933908.6282,0.933909,1.0306891364802977
2024-04-09,929004.9371,0.929005,1.0298379250399412
2024-04-10,929004.9371,0.929005,1.0214504058876108
2024-04-11,929004.9371,0.929005,1.0213152018243428
2024-04-12,929004.9371,0.929005,1.0130363064150176
2024-04-15,929004.9371,0.929005,1.034381294519304
2024-04-16,929004.9371,0.929005,1.0233174402253917
2024-04-17,929004.9371,0.929005,1.0391398421834288
2024-04-18,929004.9371,0.929005,1.0404218763147168
2024-04-19,929004.9371,0.929005,1.0322204776944044
2024-04-22,929004.9371,0.929005,1.0290852239970512
2024-04-23,929004.9371,0.929005,1.0218923328570735
2024-04-24,929004.9371,0.929005,1.0263798020576373
2024-04-25,929004.9371,0.929005,1.0289035918085865
2024-04-26,935618.583,0.935619,1.044638237906632
2024-04-29,932903.583,0.932904,1.0561924583062758
2024-04-30,933403.583,0.933404,1.0505038908838216
2024-05-06,961003.583,0.961004,1.0660913834325154
2024-05-07,965903.583,0.965904,1.066420985232796
2024-05-08,962888.583,0.962889,1.0580317756653612
2024-05-09,958903.583,0.958904,1.0680395285502222
2024-05-10,950393.583,0.950394,1.0685396874055244
2024-05-13,933903.583,0.933904,1.0680773297293684
2024-05-14,931893.583,0.931894,1.0658491003159065
2024-05-15,930903.583,0.930904,1.0568171832677233
2024-05-16,933153.583,0.933154,1.0609858926407458
2024-05-17,938403.583,0.938404,1.0719474768208386
2024-05-20,937924.0112,0.937924,1.0757342106704306
2024-05-21,937924.0112,0.937924,1.0714203879042172
2024-05-22,937924.0112,0.937924,1.0738364865549774
2024-05-23,937924.0112,0.937924,1.061403396026458
2024-05-24,937924.0112,0.937924,1.0496531749099614
2024-05-27,937924.0112,0.937924,1.0596302671622382
2024-05-28,937924.0112,0.937924,1.0518964723339232
2024-05-29,937924.0112,0.937924,1.0531642545171753
2024-05-30,937924.0112,0.937924,1.0475654248206974
2024-05-31,937924.0112,0.937924,1.0433722044286602
2024-06-03,937924.0112,0.937924,1.0459438504141183
2024-06-04,937924.0112,0.937924,1.0537906116035514
2024-06-05,937924.0112,0.937924,1.047705758419455
2024-06-06,937924.0112,0.937924,1.0469630832868395
2024-06-07,937924.0112,0.937924,1.041678758235054
2024-06-11,937924.0112,0.937924,1.0325746488038754
2024-06-12,937924.0112,0.937924,1.0329376217299249
2024-06-13,937924.0112,0.937924,1.0276938666406459
2024-06-14,937924.0112,0.937924,1.0321829388210504
2024-06-17,937924.0112,0.937924,1.0306281941012732
2024-06-18,937924.0112,0.937924,1.0333653841866155
2024-06-19,937924.0112,0.937924,1.0284570016250427
2024-06-20,937924.0112,0.937924,1.0210345346268273
2024-06-21,937924.0112,0.937924,1.0188014671287562
2024-06-24,937924.0112,0.937924,1.0133193926548374
2024-06-25,937924.0112,0.937924,1.007808668559407
2024-06-26,937924.0112,0.937924,1.0143262388651555
2024-06-27,937924.0112,0.937924,1.006705585268487
2024-06-28,937924.0112,0.937924,1.0089029791788366
2024-07-01,937924.0112,0.937924,1.0137194089877448
2024-07-02,937924.0112,0.937924,1.0118549977078846
2024-07-03,937924.0112,0.937924,1.009415087520222
2024-07-04,937924.0112,0.937924,1.0042851731447018
2024-07-05,937924.0112,0.937924,0.9999856023265242
2024-07-08,937924.0112,0.937924,0.9914460623951451
2024-07-09,937924.0112,0.937924,1.0025359723977363
2024-07-10,937924.0112,0.937924,0.9993750710229364
2024-07-11,937924.0112,0.937924,1.0108009073099058
2024-07-12,937924.0112,0.937924,1.0120344440147488
2024-07-15,937924.0112,0.937924,1.0131551600839135
2024-07-16,937924.0112,0.937924,1.0195775716773166
2024-07-17,937924.0112,0.937924,1.0205396218873666
2024-07-18,935954.1113,0.935954,1.0261784386445914
2024-07-19,950009.1113,0.950009,1.0314492112304534
2024-07-22,936699.1113,0.936699,1.0244279555137537
2024-07-23,914699.1113,0.914699,1.0025554413165256
2024-07-24,907209.1113,0.907209,0.9962275763886199
2024-07-25,902444.1113,0.902444,0.9907206994448065
2024-07-26,898294.1113,0.898294,0.9936414744395101
2024-07-29,893072.781,0.893073,0.9882347400180916
2024-07-30,893072.781,0.893073,0.9820093783647093
2024-07-31,893072.781,0.893073,1.003198527683418
2024-08-01,893072.781,0.893073,0.9965482597919699
2024-08-02,893072.781,0.893073,0.986383997784507
2024-08-05,893072.781,0.893073,0.9744137021084635
2024-08-06,893072.781,0.893073,0.9743141424878289
2024-08-07,893072.781,0.893073,0.9738799098216003
2024-08-08,893072.781,0.893073,0.9743019015508656
2024-08-09,893072.781,0.893073,0.9710057378226211
2024-08-12,893072.781,0.893073,0.9693261355458186
2024-08-13,893072.781,0.893073,0.9718109874591893
2024-08-14,893072.781,0.893073,0.9644805897939905
2024-08-15,893072.781,0.893073,0.9740151430299566
2024-08-16,894350.1535,0.89435,0.9750879737195244
2024-08-19,891470.1535,0.89147,0.9783911905590666
2024-08-20,890110.1535,0.89011,0.9713193389695853
2024-08-21,887540.1535,0.88754,0.9680934440485279
2024-08-22,883775.1535,0.883775,0.9656163155834793
2024-08-23,886245.1535,0.886245,0.9697125994128023
2024-08-26,884750.1535,0.88475,0.9688477480712583
2024-08-27,880785.1535,0.880785,0.9633424449621972
2024-08-28,879171.3856,0.879171,0.9578520349931083
2024-08-29,879171.3856,0.879171,0.955283070355747
2024-08-30,879171.3856,0.879171,0.968034366955136
2024-09-02,879171.3856,0.879171,0.9515903294149802
2024-09-03,879171.3856,0.879171,0.9540435297627744
2024-09-04,879171.3856,0.879171,0.9478463222644079
2024-09-05,879171.3856,0.879171,0.9494763778915971
2024-09-06,879171.3856,0.879171,0.9417785481018839
2024-09-09,879171.3856,0.879171,0.9305885538670737
2024-09-10,879171.3856,0.879171,0.931405665554461
2024-09-11,879171.3856,0.879171,0.9286003633984443
2024-09-12,879171.3856,0.879171,0.9246205433408007
2024-09-13,879171.3856,0.879171,0.9207653185343903
2024-09-18,879171.3856,0.879171,0.9241937135269261
2024-09-19,879171.3856,0.879171,0.9314874175263229
2024-09-20,879171.3856,0.879171,0.932948752239035
2024-09-23,879171.3856,0.879171,0.9363628661384469
2024-09-24,879171.3856,0.879171,0.9769168279920151
2024-09-25,879171.3856,0.879171,0.9913797864650153
2024-09-26,879171.3856,0.879171,1.0332867507391705
2024-09-27,879171.3856,0.879171,1.0794422236373136
2024-09-30,900691.3426,0.900691,1.1710072300511272
2024-10-08,890691.3426,0.890691,1.240442983187452
2024-10-09,839551.3426,0.839551,1.1529749892301615
2024-10-10,857491.3426,0.857491,1.16515880182095
2024-10-11,843487.3426,0.843487,1.1329182431609084
2024-10-14,842287.3426,0.842287,1.1545367287710604
2024-10-15,823191.3426,0.823191,1.123833107182023
2024-10-16,810491.3426,0.810491,1.1167199861479227
2024-10-17,799331.3426,0.799331,1.1040805483963076
2024-10-18,817891.3426,0.817891,1.144012903812845
2024-10-21,813011.3426,0.813011,1.146916745511416
2024-10-22,818691.3426,0.818691,1.1534971526269095
2024-10-23,828491.3426,0.828491,1.1579952306395083
2024-10-24,822371.3426,0.822371,1.1450619521105985
2024-10-25,825031.3426,0.825031,1.1531023824098434
2024-10-28,827491.3426,0.827491,1.1553570172730405
2024-10-29,824056.9538,0.824057,1.1438424050479992
2024-10-30,824056.9538,0.824057,1.1335832466339828
2024-10-31,824056.9538,0.824057,1.1340469158390991
2024-11-01,824056.9538,0.824057,1.1337498399570356
2024-11-04,824056.9538,0.824057,1.1497043274539238
2024-11-05,824056.9538,0.824057,1.1787942146650565
2024-11-06,824056.9538,0.824057,1.1728808511787978
2024-11-07,824056.9538,0.824057,1.2082665145759395
2024-11-08,802825.0917,0.802825,1.1961281100322667
2024-11-11,798041.0917,0.798041,1.2040218239584806
2024-11-12,789717.0917,0.789717,1.1907933931233157
2024-11-13,790237.0917,0.790237,1.1981225375497297
2024-11-14,788357.0917,0.788357,1.1773505418756771
2024-11-15,782437.0917,0.782437,1.156719229541438
2024-11-18,782437.0917,0.782437,1.1513419025138192
2024-11-19,775605.0917,0.775605,1.1590684402152203
2024-11-20,774618.3341,0.774618,1.1616569612066348
2024-11-21,774618.3341,0.774618,1.1626843838490863
2024-11-22,774618.3341,0.774618,1.1266613465223017
2024-11-25,774618.3341,0.774618,1.121529479425885
2024-11-26,774618.3341,0.774618,1.1192252104778107
2024-11-27,774618.3341,0.774618,1.1387116163198387
2024-11-28,774618.3341,0.774618,1.1286582513722454
2024-11-29,774618.3341,0.774618,1.1414916205394645
2024-12-02,774618.3341,0.774618,1.1505408206248364
2024-12-03,774618.3341,0.774618,1.1517821682132654
2024-12-04,774618.3341,0.774618,1.145564238557325
2024-12-05,774618.3341,0.774618,1.142950303049168
2024-12-06,774618.3341,0.774618,1.157975295399311
2024-12-09,774618.3341,0.774618,1.1560605505524613
2024-12-10,774618.3341,0.774618,1.1645318909779019
2024-12-11,774618.3341,0.774618,1.1625482471430018
2024-12-12,774618.3341,0.774618,1.174111269359224
2024-12-13,761408.1429,0.761408,1.1463290056666504
2024-12-16,764688.1429,0.764688,1.1401096770464858
2024-12-17,777008.1429,0.777008,1.1430800861260666
2024-12-18,782408.1429,0.782408,1.1488673096714273
2024-12-19,774212.1429,0.774212,1.1499088093913867
2024-12-20,772160.9429,0.772161,1.1447444746669293
2024-12-23,773940.9429,0.773941,1.1464429629607609
2024-12-24,778888.9429,0.778889,1.1610494318471116
2024-12-25,775360.9429,0.775361,1.1616151088602555
2024-12-26,774476.9429,0.774477,1.1621545844392802
2024-12-27,774948.9429,0.774949,1.1602749011333038
2024-12-30,773360.9429,0.773361,1.1655280700860093
2024-12-31,772960.9429,0.772961,1.1468332448342735
2025-01-02,758560.9429,0.758561,1.1134575432865033
2025-01-03,753360.9429,0.753361,1.1002751034002147
2025-01-06,743224.9384,0.743225,1.0984695360530423
2025-01-07,743224.9384,0.743225,1.106378288844668
2025-01-08,743224.9384,0.743225,1.1043701339907532
2025-01-09,743224.9384,0.743225,1.1016485656725832
2025-01-10,743224.9384,0.743225,1.087834755744781
2025-01-13,743224.9384,0.743225,1.0849296899525136
2025-01-14,743224.9384,0.743225,1.1134995996484987
2025-01-15,743224.9384,0.743225,1.1063551184997018
2025-01-16,743224.9384,0.743225,1.1076251448547305
2025-01-17,743224.9384,0.743225,1.1111106933648498
2025-01-20,743224.9384,0.743225,1.116162557194685
2025-01-21,743224.9384,0.743225,1.1170188690254428
2025-01-22,743224.9384,0.743225,1.1066438297415073
2025-01-23,743224.9384,0.743225,1.1086045072470574
2025-01-24,743224.9384,0.743225,1.1170914985847582
2025-01-27,743224.9384,0.743225,1.112491383619044
2025-02-05,743224.9384,0.743225,1.1060808049313722
2025-02-06,743224.9384,0.743225,1.1199965935221137
2025-02-07,743224.9384,0.743225,1.1345316569428452
2025-02-10,743224.9384,0.743225,1.1369678948494188
2025-02-11,743224.9384,0.743225,1.1317431715026092
2025-02-12,743224.9384,0.743225,1.1424471422498008
2025-02-13,743224.9384,0.743225,1.1381564315383776
2025-02-14,743224.9384,0.743225,1.148027493960482
2025-02-17,738702.6407,0.738703,1.150472708554162
2025-02-18,740054.6407,0.740055,1.1403840197599033
2025-02-19,746454.6407,0.746455,1.148363157939068
2025-02-20,739654.6407,0.739655,1.1450801677906033
2025-02-21,745338.6407,0.745339,1.1595210051418057
2025-02-24,741682.6407,0.741683,1.1569774841662752
2025-02-25,731654.6407,0.731655,1.1441342931043976
2025-02-26,734058.6407,0.734059,1.1541283769429829
2025-02-27,744278.6407,0.744279,1.15651087130727
2025-02-28,750370.6407,0.750371,1.1337581171620297
2025-03-03,744862.6407,0.744863,1.1332991111709947
2025-03-04,738098.6407,0.738099,1.1323510214581003
2025-03-05,736602.6407,0.736603,1.137407635937281
2025-03-06,752446.6407,0.752447,1.153048726302821
2025-03-07,758454.6407,0.758455,1.1494864387759773
2025-03-10,759214.6407,0.759215,1.145052742262788
2025-03-11,769526.6407,0.769527,1.1487290745190062
2025-03-12,767086.6407,0.767087,1.144595076945801
2025-03-13,765162.6407,0.765163,1.1400332294806412
2025-03-14,801258.6407,0.801259,1.16771447629818
2025-03-17,805198.6407,0.805199,1.1648672635056079
2025-03-18,799654.6407,0.799655,1.168054366314527
2025-03-19,804338.6407,0.804339,1.1687669928614062
2025-03-20,791654.6407,0.791655,1.1585148584135996
2025-03-21,779554.6407,0.779555,1.140941477858229
2025-03-24,783254.6407,0.783255,1.1468150874444447
2025-03-25,780254.6407,0.780255,1.146070867622165
2025-03-26,780454.6407,0.780455,1.1422999304102734
2025-03-27,785654.6407,0.785655,1.1461048507947822
2025-03-28,784138.6407,0.784139,1.1410786346423938
2025-03-31,774454.6407,0.774455,1.1329586382528873
2025-04-01,772462.6407,0.772463,1.133068952410997
2025-04-02,769662.6407,0.769663,1.132107659973235
2025-04-03,760647.8363,0.760648,1.1254385643549336
2025-04-07,760647.8363,0.760648,1.0461456218583962
2025-04-08,760647.8363,0.760648,1.064016923503383
2025-04-09,760647.8363,0.760648,1.0745194434022647
2025-04-10,760647.8363,0.760648,1.088602583088347
2025-04-11,760647.8363,0.760648,1.0930913929629593
2025-04-14,760647.8363,0.760648,1.0956053025290737
2025-04-15,760647.8363,0.760648,1.0962151926407255
2025-04-16,760647.8363,0.760648,1.0995918259569593
2025-04-17,760647.8363,0.760648,1.0994174508954084
2025-04-18,760647.8363,0.760648,1.099505148465224
2025-04-21,760647.8363,0.760648,1.1031067818608784
2025-04-22,759361.6503,0.759362,1.1028361988638138
2025-04-23,760641.6503,0.760642,1.1036902082326188
2025-04-24,760741.6503,0.760742,1.1029542947604214
2025-04-25,761249.928,0.76125,1.1037226467155716
2025-04-28,761249.928,0.76125,1.1021561273802394
2025-04-29,761249.928,0.76125,1.1002494265776797
2025-04-30,761249.928,0.76125,1.0989360906218713
2025-05-06,761249.928,0.76125,1.1100030342951124
2025-05-07,761249.928,0.76125,1.1167310612813655
2025-05-08,761249.928,0.76125,1.1229300174850125
2025-05-09,765304.6637,0.765305,1.1209657259885497
2025-05-12,770632.6637,0.770633,1.1339215919606656
2025-05-13,764952.6637,0.764953,1.1355679105469632
2025-05-14,782828.6637,0.782829,1.1492522579938345
2025-05-15,781636.6637,0.781637,1.1387566454808107
2025-05-16,774484.6637,0.774485,1.1334773625292505
2025-05-19,760424.6637,0.760425,1.1299974098760288
2025-05-20,763232.6637,0.763233,1.1361252229198489
2025-05-21,761220.6637,0.761221,1.1414326017362488
2025-05-22,760832.6637,0.760833,1.140699427902324
2025-05-23,757872.6637,0.757873,1.1314922031497738
2025-05-26,749032.6637,0.749033,1.1250314949107285
2025-05-27,747806.5502,0.747807,1.1189956054744852
2025-05-28,747806.5502,0.747807,1.118074533258174
2025-05-29,747806.5502,0.747807,1.1246214526675464
2025-05-30,747806.5502,0.747807,1.1192390835397026
2025-06-03,747806.5502,0.747807,1.1226724914873756
2025-06-04,747806.5502,0.747807,1.1275485230012599
2025-06-05,747806.5502,0.747807,1.130117021317213
2025-06-06,747806.5502,0.747807,1.1290760753539257
2025-06-09,747806.5502,0.747807,1.1323583368751902
2025-06-10,747806.5502,0.747807,1.1265932344516274
2025-06-11,747806.5502,0.747807,1.1350919421147077
2025-06-12,747806.5502,0.747807,1.1343848822796379
2025-06-13,747806.5502,0.747807,1.1262193029724872
2025-06-16,747806.5502,0.747807,1.1290209911375908
2025-06-17,747806.5502,0.747807,1.1280252492058036
2025-06-18,747806.5502,0.747807,1.1293636499372988
2025-06-19,747806.5502,0.747807,1.120072312460758
2025-06-20,747806.5502,0.747807,1.1211078665827638
2025-06-23,747806.5502,0.747807,1.1243888165750682
2025-06-24,747806.5502,0.747807,1.1378342034453632
2025-06-25,747806.5502,0.747807,1.1541647791579046
2025-06-26,747806.5502,0.747807,1.1500708560807102
2025-06-27,747806.5502,0.747807,1.142999762263517
2025-06-30,747806.5502,0.747807,1.1471737177523809
2025-07-01,747806.5502,0.747807,1.1491214548388555
2025-07-02,747806.5502,0.747807,1.1493904348560797
2025-07-03,747806.5502,0.747807,1.1564967942297621
2025-07-04,747806.5502,0.747807,1.1606166855803715
2025-07-07,747806.5502,0.747807,1.1556536268336959
2025-07-08,749589.3771,0.749589,1.165352558366026
2025-07-09,750974.3771,0.750974,1.1632972176146268
2025-07-10,754784.3771,0.754784,1.168725111369939
2025-07-11,755034.3771,0.755034,1.170119033494089
2025-07-14,753334.3771,0.753334,1.1709528161718166
2025-07-15,747034.3771,0.747034,1.1713598564709338
2025-07-16,747049.3771,0.747049,1.1679025204060063
2025-07-17,749709.3771,0.749709,1.175855952617548
2025-07-18,760034.3771,0.760034,1.1828675613101172
2025-07-21,763034.3771,0.763034,1.190753814093801
2025-07-22,774024.3771,0.774024,1.2004739923952887
2025-07-23,779284.3771,0.779284,1.2007101550434163
2025-07-24,787284.3771,0.787284,1.2092404268368087
2025-07-25,769034.3771,0.769034,1.2028654051565064
2025-07-28,760864.3771,0.760864,1.2053896029386877
2025-07-29,761034.3771,0.761034,1.2101112529213944
2025-07-30,766254.3771,0.766254,1.2098819393689488
2025-07-31,752369.3771,0.752369,1.1878346420789379
2025-08-01,750034.3771,0.750034,1.1818125091242342
2025-08-04,747408.0469,0.747408,1.1864097678713235
2025-08-05,747408.0469,0.747408,1.1959541138568601
2025-08-06,747408.0469,0.747408,1.198878881728621
2025-08-07,747408.0469,0.747408,1.1992230269278172
2025-08-08,747408.0469,0.747408,1.1963962156968508
2025-08-11,747408.0469,0.747408,1.2015093425016785
2025-08-12,747408.0469,0.747408,1.2077215014301932
2025-08-13,747408.0469,0.747408,1.2172672172348662
2025-08-14,747408.0469,0.747408,1.216315775836851
2025-08-15,747408.0469,0.747408,1.2247795676844977
2025-08-18,747408.0469,0.747408,1.2355805041394916
2025-08-19,747408.0469,0.747408,1.2309060983444453
2025-08-20,747408.0469,0.747408,1.2449020650722964
2025-08-21,747408.0469,0.747408,1.2497619793525123
2025-08-22,752682.4554,0.752682,1.2759712826453038
2025-08-25,763234.4554,0.763234,1.3025585977295568
2025-08-26,759746.4554,0.759746,1.2977114198528006
2025-08-27,746302.4554,0.746302,1.2783404577043713
2025-08-28,745542.4554,0.745542,1.3009731923771957
2025-08-29,759102.4554,0.759102,1.310584397194622
2025-09-01,757542.4554,0.757542,1.3184395813144896
2025-09-02,763622.4554,0.763622,1.308746420509585
2025-09-03,759322.4554,0.759322,1.2998212619187746
2025-09-04,756166.4554,0.756166,1.2722438590498077
2025-09-05,760302.4554,0.760302,1.299965617539677
2025-09-08,767594.4554,0.767594,1.302078170098836
2025-09-09,769102.4554,0.769102,1.2929514149342753
2025-09-10,775906.4554,0.775906,1.2956055123737074
2025-09-11,776502.4554,0.776502,1.3255286576509835
2025-09-12,773502.4554,0.773502,1.3179402968118274
2025-09-15,773142.4554,0.773142,1.3211630732084683
2025-09-16,767094.4554,0.767094,1.3183304621049883
2025-09-17,764302.4554,0.764302,1.326399658606097
2025-09-18,754286.4554,0.754286,1.3109778267376397
2025-09-19,754290.4554,0.75429,1.3120884003161777
2025-09-22,748442.4554,0.748442,1.3181180818486753
2025-09-23,745968.7497,0.745969,1.3172933050031421
2025-09-24,745968.7497,0.745969,1.3307853531593379
2025-09-25,745968.7497,0.745969,1.3387759745031775
2025-09-26,745968.7497,0.745969,1.326115698013637
2025-09-29,745968.7497,0.745969,1.346518454567719
2025-09-30,745968.7497,0.745969,1.3525342047481488
2025-10-09,745968.7497,0.745969,1.3725826736124074
2025-10-10,745968.7497,0.745969,1.345580361620011
2025-10-13,745968.7497,0.745969,1.338919076885296
2025-10-14,745968.7497,0.745969,1.3229143141115942
2025-10-15,745968.7497,0.745969,1.3425066623485304
2025-10-16,745968.7497,0.745969,1.3460430981823113
2025-10-17,745968.7497,0.745969,1.3156776179043403
2025-10-20,745968.7497,0.745969,1.3226682421335438
2025-10-21,746513.8946,0.746514,1.3429682039622224
2025-10-22,745089.8946,0.74509,1.3385085683207056
2025-10-23,748801.8946,0.748802,1.3425232167585188
2025-10-24,741609.8946,0.74161,1.3583603078409119
2025-10-27,737773.8946,0.737774,1.3744877714351267
2025-10-28,739609.8946,0.73961,1.3674796601531185
2025-10-29,734369.8946,0.73437,1.3837615052785106
2025-10-30,729026.5687,0.729027,1.372707706039961
2025-10-31,729026.5687,0.729027,1.3525266561703546
2025-11-03,729026.5687,0.729027,1.3562383414183266
2025-11-04,729026.5687,0.729027,1.3461238883662687
2025-11-05,729026.5687,0.729027,1.348618124997978
2025-11-06,729026.5687,0.729027,1.367896493201806
2025-11-07,729026.5687,0.729027,1.36363874558492
2025-11-10,729026.5687,0.729027,1.368376658526735
2025-11-11,729026.5687,0.729027,1.3558777292444057
2025-11-12,729026.5687,0.729027,1.3540539462172285
2025-11-13,731570.0909,0.73157,1.3704235472026123
2025-11-14,726058.0909,0.726058,1.3488754178349112
2025-11-17,731818.0909,0.731818,1.3401064477707345
2025-11-18,733818.0909,0.733818,1.3314038119268636
2025-11-19,731822.0909,0.731822,1.3372617997459073
2025-11-20,730262.0909,0.730262,1.33045819954645
2025-11-21,730058.0909,0.730058,1.298007854542928
2025-11-24,724218.0909,0.724218,1.2963874459398692
2025-11-25,721278.0909,0.721278,1.3087324017222532
2025-11-26,723078.0909,0.723078,1.3166659278386856
2025-11-27,722338.0909,0.722338,1.3160180908224477
2025-11-28,720688.0631,0.720688,1.3192995071361604
2025-12-01,720688.0631,0.720688,1.3338207557851762
2025-12-02,720688.0631,0.720688,1.3273648564856522
2025-12-03,720688.0631,0.720688,1.3205781021470633
2025-12-04,720688.0631,0.720688,1.3251007786139406
2025-12-05,720688.0631,0.720688,1.3361672851108617
2025-12-08,720688.0631,0.720688,1.347014416530348
2025-12-09,720688.0631,0.720688,1.340156198435964
2025-12-10,720688.0631,0.720688,1.3382921077520717
2025-12-11,720688.0631,0.720688,1.326738266238572
2025-12-12,720688.0631,0.720688,1.3351219090941973
2025-12-15,720688.0631,0.720688,1.3267017765883862
2025-12-16,720688.0631,0.720688,1.3108162172246363
2025-12-17,720688.0631,0.720688,1.3348085993981131
2025-12-18,720688.0631,0.720688,1.3269154100834835
2025-12-19,720688.0631,0.720688,1.3313995275989265
2025-12-22,720688.0631,0.720688,1.3440617276642757
2025-12-23,719795.5989,0.719796,1.346717020052316
2025-12-24,717011.5989,0.717012,1.350600457303918
2025-12-25,722319.5989,0.72232,1.3530711155594288
2025-12-26,722303.5989,0.722304,1.3573566967353625
2025-12-29,717451.5989,0.717452,1.3521490815552133
2025-12-30,712539.5989,0.71254,1.3556201741016807
2025-12-31,707523.5989,0.707524,1.3493999419837879
2026-01-05,727051.5989,0.727052,1.3749911362501097
2026-01-06,727855.5989,0.727856,1.3962519241951417
2026-01-07,725995.5989,0.725996,1.3921634512494048
2026-01-08,721571.5989,0.721572,1.380793311225618
2026-01-09,724291.5989,0.724292,1.3869920342685613
2026-01-12,725943.5989,0.725944,1.3960250879751768
2026-01-13,721051.5989,0.721052,1.3876070830607903
2026-01-14,715855.5989,0.715856,1.3820398466397126
2026-01-15,712207.5989,0.712208,1.3848082511143114
2026-01-16,713368.9243,0.713369,1.3791084919780623
2026-01-19,713368.9243,0.713369,1.3798612513111284
2026-01-20,713368.9243,0.713369,1.3753212043717982
2026-01-21,713368.9243,0.713369,1.3765426750102059
2026-01-22,713368.9243,0.713369,1.376729174428368
2026-01-23,713368.9243,0.713369,1.3705467726347094
2026-01-26,713368.9243,0.713369,1.3718488002963707
2026-01-27,713368.9243,0.713369,1.371478016486735
2026-01-28,713368.9243,0.713369,1.375062745731345
2026-01-29,713368.9243,0.713369,1.3855195078420544
2026-01-30,713368.9243,0.713369,1.3716669640922898
2026-02-02,713368.9243,0.713369,1.3424168954774665
2026-02-03,713368.9243,0.713369,1.3581924029888988
2026-02-04,728596.5461,0.728597,1.3694353538486193
2026-02-05,740596.5461,0.740597,1.3611976695937371
2026-02-06,724600.5461,0.724601,1.3533801117824877
2026-02-09,728580.5461,0.728581,1.3753729951931881
2026-02-10,720516.5461,0.720517,1.376900110369534
2026-02-11,720328.5461,0.720329,1.3738465503538666
2026-02-12,713236.5461,0.713237,1.3755251616976771
2026-02-13,712716.5461,0.712717,1.358279313641338
2026-02-24,705316.5461,0.705317,1.3720178418068159
2026-02-25,715260.5461,0.715261,1.3802780843598161
2026-02-26,705080.5461,0.705081,1.3776515581736393
2026-02-27,700604.5461,0.700605,1.3729221847426105
2026-03-02,694640.5461,0.694641,1.378174683358292
2026-03-03,689072.5461,0.689073,1.3569650450427135
2026-03-04,683295.4819,0.683295,1.3414390194846282
2026-03-05,683295.4819,0.683295,1.354573952877464
2026-03-06,683295.4819,0.683295,1.3582890481007328
2026-03-09,683295.4819,0.683295,1.3451784508563833
2026-03-10,683295.4819,0.683295,1.362461808640988
2026-03-11,683295.4819,0.683295,1.3711294703792496
2026-03-12,683295.4819,0.683295,1.3661935165644212
2026-03-13,683295.4819,0.683295,1.360824962208293
2026-03-16,683295.4819,0.683295,1.3615300110322903
2026-03-17,683295.4819,0.683295,1.3515857361491102
2026-03-18,683295.4819,0.683295,1.35767507767676
2026-03-19,674493.3659,0.674493,1.3357925667143453
2026-03-20,671345.3659,0.671345,1.3310613862878597
2026-03-23,656573.3659,0.656573,1.2876291429779034
2026-03-24,656277.3659,0.656277,1.3041617815856028
2026-03-25,657453.3659,0.657453,1.3224483424445252
2026-03-26,655649.8186,0.65565,1.304981312315295
2026-03-27,655649.8186,0.65565,1.3122779308234924
2026-03-30,655649.8186,0.65565,1.309182780767238
2026-03-31,655649.8186,0.65565,1.2969707848763457
2026-04-01,655649.8186,0.65565,1.3191261521526896
2026-04-02,655066.7347,0.655067,1.3053834562396267
2026-04-03,655114.7347,0.655115,1.2942718331464695
2026-04-07,647122.7347,0.647123,1.2942214995794803
2026-04-08,657122.7347,0.657123,1.3393788406486191
2026-04-09,655310.7347,0.655311,1.3308299159989017
2026-04-10,652698.7347,0.652699,1.3513310955151858
2026-04-13,648438.7347,0.648439,1.3541258471493438
2026-04-14,649874.7347,0.649875,1.3701932718622625
2026-04-15,658114.7347,0.658115,1.3655191866631844
2026-04-16,656250.7347,0.656251,1.3804884827501445
2026-04-17,634010.7347,0.634011,1.3781754994207558
2026-04-20,635470.7347,0.635471,1.3865606286758696
2026-04-21,635918.7347,0.635919,1.389636921860183
2026-04-22,635813.6705,0.635814,1.3988555131970564
2026-04-23,635813.6705,0.635814,1.3949793039272802
2026-04-24,635813.6705,0.635814,1.3900367341774742
2026-04-27,635813.6705,0.635814,1.3904966728113255
2026-04-28,635813.6705,0.635814,1.3867839966303617
2026-04-29,635813.6705,0.635814,1.4019798083413184
2026-04-30,635813.6705,0.635814,1.4010938268109685
2026-05-06,635813.6705,0.635814,1.4214331053633695
2026-05-07,635813.6705,0.635814,1.4282578940418085
2026-05-08,635813.6705,0.635814,1.4199230983536844
2026-05-11,635813.6705,0.635814,1.4432171350734058
2026-05-12,635813.6705,0.635814,1.4421125070928216
2026-05-13,635813.6705,0.635814,1.4567710873965303
2026-05-14,635813.6705,0.635814,1.432363650024734
2026-05-15,635813.6705,0.635814,1.4163325692365611
2026-05-18,635813.6705,0.635814,1.4087347362438025
2026-05-19,635813.6705,0.635814,1.4143770795566766
2026-05-20,635813.6705,0.635814,1.4137407839952896
2026-05-21,635813.6705,0.635814,1.3940380050198917
2026-05-22,635813.6705,0.635814,1.4121073766829795
2026-05-25,635813.6705,0.635814,1.4344038936205452
2026-05-26,635813.6705,0.635814,1.44205503297927
2026-05-27,635813.6705,0.635814,1.4304908741046156
2026-05-28,635813.6705,0.635814,1.43225179117696
2026-05-29,635813.6705,0.635814,1.4258130583342725
2026-06-01,635813.6705,0.635814,1.4118625579437138
2026-06-02,635813.6705,0.635814,1.432352574891291
2026-06-03,635813.6705,0.635814,1.4394202587331872
2026-06-04,635813.6705,0.635814,1.4294923633894676
2026-06-05,635813.6705,0.635814,1.4038955441211602
2026-06-08,635813.6705,0.635814,1.3737933022780764
2026-06-09,635813.6705,0.635814,1.399491925338795
2026-06-10,635813.6705,0.635814,1.3839816672733218
2026-06-11,635813.6705,0.635814,1.3763511917819944
2026-06-12,635813.6705,0.635814,1.39235429328568
2026-06-15,635813.6705,0.635814,1.4256939423595845
2026-06-16,635813.6705,0.635814,1.4235137731962477
2026-06-17,635813.6705,0.635814,1.4372568188503667
2026-06-18,635813.6705,0.635814,1.4402332609631654
2026-06-22,635813.6705,0.635814,1.4746418352848447
2026-06-23,635813.6705,0.635814,1.4337593791443406
2026-06-24,635813.6705,0.635814,1.4406474418088444
2026-06-25,635813.6705,0.635814,1.4631136705938799
2026-06-26,635813.6705,0.635814,1.4188471491397
2026-06-29,635813.6705,0.635814,1.4359554615257297
2026-06-30,635813.6705,0.635814,1.4512600718502195
2026-07-01,635813.6705,0.635814,1.44529829837278
2026-07-02,635813.6705,0.635814,1.4025478169615027
2026-07-03,635813.6705,0.635814,1.4112557863564792
2026-07-06,635813.6705,0.635814,1.4112045784368492
2026-07-07,635813.6705,0.635814,1.3967090940456321
2026-07-08,635813.6705,0.635814,1.3860045112515924
2026-07-09,635813.6705,0.635814,1.4212055696612924
2026-07-10,635813.6705,0.635814,1.393364491181119
2026-07-13,635813.6705,0.635814,1.368473507654185
2026-07-14,635813.6705,0.635814,1.397944729196812
2026-07-15,658731.1109,0.658731,1.395112059803156
2026-07-16,662696.1109,0.662696,1.3693628408696557
2026-07-17,659701.1109,0.659701,1.3200088111430066
2026-07-20,696951.1109,0.696951,1.3401846440418597
2026-07-21,687201.1109,0.687201,1.3812523755068293
2026-07-22,685701.1109,0.685701,1.3748449736337505
2026-07-23,679206.1109,0.679206,1.3779802856212795
2026-07-24,681906.1109,0.681906,1.3550110126172292
2026-07-27,677951.1109,0.677951,1.370526545943632
2026-07-28,693201.1109,0.693201,1.331791645612984
2026-07-29,693701.1109,0.693701,1.340750525070619
2026-07-30,714081.1109,0.714081,1.326019927254443
2026-07-31,708501.1109,0.708501,1.3372339953319479
2026-08-03,712691.1109,0.712691,1.3241132555969717
2026-08-04,697381.1109,0.697381,1.3409452142585117
2026-08-05,686426.1109,0.686426,1.3576233451455462
2026-08-06,687476.1109,0.687476,1.355628334726323
2026-08-07,687811.1109,0.687811,1.368197649396191
2026-08-10,707631.1109,0.707631,1.3704092369644003
2026-08-11,706451.1109,0.706451,1.3592653211137307
2026-08-12,704701.1109,0.704701,1.3671717422983158
2026-08-13,710846.1109,0.710846,1.3593127110268313
2026-08-14,704196.1109,0.704196,1.3598751820802941
2026-08-17,679746.1109,0.679746,1.3817972137820478
2026-08-18,682196.1109,0.682196,1.3773424745153164
2026-08-19,687141.1109,0.687141,1.3373793418858428
2026-08-20,681607.1858,0.681607,1.338561146059472
2026-08-21,681607.1858,0.681607,1.3461810710289401
2026-08-24,681607.1858,0.681607,1.3299272634782113
2026-08-25,681607.1858,0.681607,1.326693907414624
2026-08-26,681607.1858,0.681607,1.337990805832247
2026-08-27,681607.1858,0.681607,1.3494983066558142
2026-08-28,681607.1858,0.681607,1.3433485182156364
2026-08-31,681607.1858,0.681607,1.3479854434275043
2026-09-01,681607.1858,0.681607,1.3440080715572533
2026-09-02,681607.1858,0.681607,1.3255057496118092
2026-09-03,681607.1858,0.681607,1.3268529813049708
2026-09-04,681607.1858,0.681607,1.3255331459945368
2026-09-07,681607.1858,0.681607,1.333394916904294
2026-09-08,681607.1858,0.681607,1.3286479398401083
2026-09-09,675276.424,0.675276,1.3326881485201043
2026-09-10,672976.424,0.672976,1.3256322101486753
2026-09-11,668988.424,0.668988,1.3144887606194136
2026-09-14,668657.9998,0.668658,1.305723870867558
2026-09-15,668657.9998,0.668658,1.296968132673337
2026-09-16,668657.9998,0.668658,1.3057781390214285
2026-09-17,668657.9998,0.668658,1.299916304050768
